0,32,13,32,63,12,23,49,20,9,33,53,31,7,46,55,42,32,23,32,32,33,44,21,13,41,11,6,62,59,54,image_0
1,32,8,32,59,13,25,51,27,10,36,53,37,9,47,53,49,31,26,32,36,31,49,22,16,41,8,9,60,53,40,image_1
2,31,4,31,53,12,18,51,20,8,31,54,30,7,47,55,41,31,18,31,32,31,41,21,12,41,6,7,55,55,42,image_2
3,29,10,28,45,12,18,46,18,9,28,49,28,7,36,50,38,29,18,29,28,29,36,20,10,38,9,7,46,52,48,image_3
4,36,11,34,52,16,19,51,20,12,32,55,33,11,41,57,43,34,20,34,30,34,41,27,9,43,10,8,60,59,52,image_4
5,32,12,33,52,15,22,48,21,12,29,50,30,10,40,51,38,32,21,32,30,32,40,23,11,40,11,9,51,53,47,image_5
6,36,12,35,51,17,21,54,22,15,31,55,31,13,40,57,41,36,22,36,31,35,41,24,12,45,12,10,51,58,49,image_6
7,33,11,32,55,13,21,51,22,11,32,53,33,8,48,53,42,32,23,32,33,31,45,23,12,40,13,6,60,56,59,image_7
8,32,5,26,63,8,20,57,27,4,33,59,37,2,42,61,48,30,17,31,27,25,44,27,15,42,8,1,55,63,60,image_8
9,33,8,34,55,13,19,54,19,9,31,56,28,6,43,59,42,33,19,33,31,33,43,25,8,43,8,5,55,58,50,image_9
10,31,10,33,54,15,19,50,21,11,32,52,32,9,45,55,40,32,22,32,32,33,41,23,11,39,11,9,52,55,49,image_10
11,31,2,30,50,8,16,51,13,5,32,54,26,4,42,57,36,30,15,30,26,29,37,19,14,40,3,4,55,58,50,image_11
12,32,6,34,52,15,17,51,27,13,28,51,28,16,43,54,49,33,22,32,29,33,39,24,10,41,9,13,49,56,52,image_12
13,32,10,34,62,7,23,43,26,5,36,48,37,5,48,50,50,33,17,35,31,30,49,27,8,35,11,7,52,51,46,image_13
14,31,13,39,57,12,25,50,20,8,34,53,30,13,48,57,50,30,21,30,32,31,44,20,11,41,14,9,56,60,57,image_14
15,32,16,31,63,12,25,49,26,11,36,51,37,8,48,51,48,31,26,31,36,31,49,22,15,40,11,7,56,53,58,image_15
16,32,9,31,50,14,19,50,20,11,29,52,31,10,39,53,42,33,19,32,31,32,41,24,9,40,9,7,50,54,51,image_16
17,32,6,32,53,13,18,51,17,11,29,54,30,10,40,57,42,32,17,32,29,32,42,24,6,43,6,7,53,59,55,image_17
18,32,8,32,52,16,19,50,20,12,31,53,29,10,46,56,46,31,19,31,29,32,40,26,7,42,11,10,53,57,59,image_18
19,31,3,32,51,14,15,49,16,12,30,51,29,10,44,52,40,31,17,31,27,32,39,20,8,41,4,10,52,52,51,image_19
20,33,10,31,55,12,26,53,27,9,36,54,35,8,45,56,43,33,21,32,34,31,44,24,10,41,6,6,62,58,54,image_20
21,32,9,32,48,13,18,51,18,10,28,54,28,9,37,57,40,33,18,32,28,32,37,24,9,41,8,7,48,58,47,image_21
22,30,15,32,57,12,26,50,25,10,34,53,34,9,45,53,44,31,22,31,34,32,42,21,15,40,12,9,60,54,57,image_22
23,32,3,32,60,12,24,52,27,10,35,55,36,7,48,56,47,32,25,32,35,33,48,23,3,41,4,7,61,57,58,image_23
24,33,11,35,54,16,22,51,23,15,33,53,34,12,45,53,43,33,21,34,32,34,44,25,12,42,12,11,55,55,56,image_24
25,29,14,31,57,15,21,50,25,9,36,53,36,7,48,51,46,29,24,30,35,30,47,20,14,40,15,6,61,56,61,image_25
26,36,8,33,51,13,23,52,19,9,36,55,36,8,48,56,45,33,23,33,35,33,47,21,14,42,9,6,61,56,53,image_26
27,33,4,35,38,13,25,52,17,10,36,53,25,9,48,53,41,34,13,34,23,34,37,24,6,41,5,10,37,57,39,image_27
28,32,11,32,54,14,22,50,25,12,33,52,34,10,44,53,44,32,21,32,33,32,44,25,11,41,12,7,56,54,54,image_28
29,31,1,32,47,15,13,50,19,12,26,55,36,9,46,56,49,32,17,32,26,32,36,23,3,41,4,9,51,56,62,image_29
30,25,6,27,49,9,18,43,17,7,30,45,26,5,39,47,39,24,18,25,27,26,38,16,8,36,11,5,52,47,48,image_30
31,39,13,39,55,20,23,58,22,17,35,61,34,15,44,63,44,39,24,39,34,39,45,29,13,49,13,12,58,63,55,image_31
32,33,8,32,56,12,21,52,25,9,34,55,35,7,46,57,49,32,21,32,34,32,47,23,5,42,7,8,40,55,40,image_32
33,34,10,29,46,14,19,49,21,10,29,52,29,8,40,54,41,31,20,30,28,30,36,23,8,41,11,6,61,57,53,image_33
34,31,3,32,63,12,23,51,20,10,34,54,37,8,48,56,47,32,24,32,36,32,49,21,10,40,3,7,62,56,54,image_34
35,32,16,31,60,14,26,50,27,11,36,51,34,7,47,53,47,32,26,32,35,32,47,25,13,41,16,8,56,55,59,image_35
36,31,12,31,61,11,26,49,26,9,36,51,35,8,48,53,48,32,26,31,34,30,49,22,11,39,12,8,59,55,55,image_36
37,35,6,35,52,15,16,57,21,10,28,61,29,10,42,60,46,35,18,36,29,35,44,25,12,47,6,7,52,63,55,image_37
38,35,8,35,52,16,19,55,20,12,31,55,31,11,40,58,41,36,20,35,31,35,43,28,9,44,8,9,52,58,52,image_38
39,32,7,31,60,13,26,49,27,11,36,52,37,10,47,53,49,32,21,31,36,31,49,21,7,40,8,9,62,54,58,image_39
40,30,8,29,47,12,17,50,20,9,28,52,30,8,37,54,39,29,19,30,30,30,38,22,8,39,8,4,62,57,49,image_40
41,32,1,32,57,13,26,52,26,10,33,54,37,8,46,55,46,31,26,32,31,32,44,22,15,44,17,9,60,56,47,image_41
42,29,5,31,43,13,23,49,22,9,35,53,32,9,46,55,45,30,20,31,34,31,47,21,4,40,10,6,45,54,45,image_42
43,30,15,29,63,9,21,54,26,10,35,55,37,2,48,57,50,30,26,28,32,28,47,29,15,38,17,7,61,59,63,image_43
44,32,8,32,55,13,20,53,18,8,34,54,31,9,43,55,43,31,20,31,31,31,43,24,7,42,10,6,56,55,55,image_44
45,33,7,33,58,13,21,50,23,9,34,53,34,7,48,55,48,33,20,32,34,32,46,22,6,41,11,7,59,56,58,image_45
46,33,7,32,45,13,18,51,17,10,27,54,27,9,38,54,36,33,18,32,26,32,37,24,8,42,7,8,46,55,42,image_46
47,36,7,37,43,18,16,54,16,16,26,56,22,15,36,58,35,36,16,37,23,37,32,26,8,46,7,15,43,59,45,image_47
48,31,15,30,53,13,24,46,23,10,34,49,32,7,44,52,43,31,24,31,33,31,44,22,15,39,14,7,54,53,51,image_48
49,34,6,32,52,12,21,52,20,9,31,55,32,6,48,57,50,32,22,32,32,32,44,25,7,42,8,7,54,56,52,image_49
50,34,2,34,52,13,14,54,16,9,27,57,29,8,39,59,38,33,15,33,28,33,39,26,2,42,2,6,52,60,54,image_50
51,31,6,33,56,10,18,52,18,7,33,55,28,6,48,56,36,32,20,32,32,32,43,19,7,40,6,5,60,57,43,image_51
52,31,10,31,53,12,18,51,21,9,31,54,32,7,43,55,41,31,22,31,32,31,42,24,7,41,10,6,57,58,53,image_52
53,33,9,33,46,13,17,53,18,11,26,56,27,10,37,56,36,34,18,34,28,33,36,25,8,42,9,6,48,59,45,image_53
54,31,8,30,55,13,17,49,18,9,30,51,30,7,43,53,42,30,18,30,30,29,42,23,6,38,5,6,56,54,55,image_54
55,30,4,31,46,6,20,52,18,3,32,46,37,2,48,57,36,31,16,31,28,31,38,20,1,38,2,2,60,58,48,image_55
56,32,9,34,48,18,16,49,17,15,27,51,28,13,38,52,37,33,19,33,29,33,38,26,8,41,8,10,48,54,47,image_56
57,33,11,34,50,13,19,53,18,11,28,56,29,8,41,57,38,33,19,33,29,33,40,23,8,43,7,6,49,57,49,image_57
58,32,11,33,58,15,22,51,21,13,36,53,32,11,46,56,46,33,21,33,32,33,47,25,11,39,11,12,57,59,56,image_58
59,29,14,29,63,9,21,47,26,10,36,45,28,8,48,51,50,30,25,29,36,30,49,20,12,39,14,7,59,51,59,image_59
60,30,3,31,51,19,17,47,19,12,28,50,27,10,45,54,41,31,17,31,27,31,39,28,17,39,6,7,61,57,52,image_60
61,37,13,35,58,21,23,55,25,15,36,57,37,14,45,58,49,38,23,37,33,35,46,29,13,46,17,13,56,59,57,image_61
62,30,9,31,54,10,20,51,22,7,31,53,31,5,42,56,45,31,21,31,31,31,44,23,11,41,11,5,51,58,55,image_62
63,32,6,31,60,12,18,50,23,9,33,53,33,7,48,55,50,32,19,32,33,31,49,22,6,41,7,5,62,56,58,image_63
64,31,17,30,59,14,26,49,27,11,36,50,36,8,48,51,49,31,26,31,35,30,49,22,17,38,17,5,59,53,61,image_64
65,30,10,32,61,9,26,52,27,7,36,54,34,7,47,57,50,31,23,31,34,32,47,24,13,38,10,5,60,61,62,image_65
66,31,11,32,58,14,23,49,22,11,35,50,34,9,47,52,48,31,23,31,35,31,47,23,11,38,9,8,60,53,57,image_66
67,36,13,35,51,15,23,55,22,14,29,56,32,12,41,57,42,36,22,35,30,35,42,26,13,45,13,12,49,57,51,image_67
68,29,11,27,53,8,20,48,19,5,32,51,31,3,44,50,41,29,20,29,32,29,44,21,9,37,8,1,55,52,51,image_68
69,30,1,33,40,18,12,48,13,15,20,51,35,14,28,52,50,32,17,31,23,32,31,23,4,40,4,12,38,48,42,image_69
70,32,4,33,48,15,15,49,17,11,27,51,28,10,37,53,41,32,14,32,28,33,38,21,8,40,4,8,48,53,50,image_70
71,31,11,31,54,10,21,50,21,7,32,53,32,4,46,57,45,31,21,31,32,31,45,22,11,41,11,3,56,58,56,image_71
72,30,5,31,52,14,17,48,17,11,30,52,30,9,41,54,39,31,16,30,29,31,40,23,5,39,3,9,54,56,51,image_72
73,33,6,32,55,12,21,51,21,9,33,54,30,8,45,54,41,32,18,31,32,31,44,23,6,42,8,7,54,54,53,image_73
74,34,4,34,49,12,15,56,15,9,25,58,26,7,37,57,38,34,15,33,26,34,37,23,4,44,4,7,50,57,49,image_74
75,35,7,34,53,13,17,53,17,10,27,55,26,9,48,56,40,35,17,34,34,34,43,27,6,43,7,8,62,58,47,image_75
76,32,6,33,52,12,17,52,17,8,29,57,29,6,40,59,41,33,18,33,30,33,40,24,10,42,6,5,49,59,52,image_76
77,30,11,33,49,15,23,52,20,13,33,53,31,12,42,57,39,31,22,32,30,32,38,23,11,40,12,11,59,58,46,image_77
78,27,6,36,51,18,24,45,19,16,35,48,29,15,48,50,39,30,21,32,36,33,42,22,12,35,9,14,57,52,48,image_78
79,33,11,34,54,14,24,51,23,13,35,53,36,11,45,54,47,33,22,33,36,33,45,24,11,41,12,11,55,54,55,image_79
80,32,13,33,51,15,21,50,25,13,33,50,30,12,44,54,48,32,25,32,32,32,43,24,14,41,17,11,53,53,51,image_80
81,32,9,33,58,14,22,49,23,12,33,53,34,10,45,54,46,32,21,32,34,32,45,23,10,40,9,9,56,56,50,image_81
82,29,8,30,46,13,18,47,18,9,28,48,27,10,38,49,37,30,18,29,28,29,38,22,8,38,8,4,56,51,46,image_82
83,31,4,32,52,14,15,50,18,12,28,52,26,11,38,54,41,32,18,32,26,32,38,23,5,40,4,10,51,57,48,image_83
84,30,5,33,52,13,22,51,23,11,31,54,32,9,48,55,44,31,16,32,29,32,41,22,17,41,4,10,55,56,51,image_84
85,31,7,32,63,12,23,50,24,9,36,54,37,7,48,56,50,32,23,32,36,32,49,23,8,41,9,6,62,56,53,image_85
86,35,11,32,60,13,22,55,21,9,33,58,32,8,43,62,50,34,25,34,35,34,43,28,7,44,6,4,59,62,63,image_86
87,36,9,33,56,17,17,54,18,14,27,56,28,12,36,57,40,35,18,35,28,34,45,25,10,45,8,8,57,59,55,image_87
88,35,6,35,39,14,24,52,21,11,36,55,33,9,48,58,49,33,23,33,36,34,49,24,7,38,4,9,40,56,41,image_88
89,30,7,31,59,13,24,48,27,10,36,51,37,10,45,52,48,30,22,30,35,31,47,22,7,39,7,8,61,54,59,image_89
90,29,5,32,50,14,16,51,17,11,28,53,29,9,46,55,36,31,16,31,25,32,39,23,5,42,7,8,62,56,46,image_90
91,32,5,32,48,13,16,50,15,10,28,53,25,9,38,54,36,32,15,32,25,32,38,23,5,41,5,7,48,55,48,image_91
92,29,9,29,50,10,18,48,18,8,29,50,29,6,42,52,39,29,19,30,29,29,39,17,15,39,9,6,52,51,48,image_92
93,31,10,31,62,12,22,50,23,8,35,53,36,6,48,55,49,31,23,31,35,31,49,21,8,40,10,5,61,56,62,image_93
94,33,6,33,48,12,17,53,16,9,25,56,28,8,34,58,38,33,16,33,28,33,36,21,6,43,6,5,47,58,48,image_94
95,32,9,32,50,13,23,52,19,11,32,55,31,9,42,56,39,32,20,33,33,33,41,23,9,42,7,6,50,60,51,image_95
96,33,6,31,44,13,19,52,16,10,31,55,31,9,44,57,37,33,18,33,28,33,37,25,8,41,4,6,58,56,46,image_96
97,35,12,35,58,14,25,55,23,11,36,57,36,8,48,60,48,35,23,35,35,35,48,26,13,43,12,6,60,62,61,image_97
98,30,6,32,42,12,22,47,20,9,34,51,32,8,48,52,39,30,19,30,33,31,44,20,6,39,7,7,40,52,42,image_98
99,28,11,33,63,12,24,51,22,10,34,54,33,9,48,55,42,29,20,33,34,33,48,19,14,43,16,8,62,56,55,image_99
100,36,8,35,48,16,17,53,17,14,27,57,28,13,36,57,37,36,18,36,27,36,38,25,8,44,8,9,48,58,48,image_100
101,32,9,33,54,13,22,53,20,10,35,55,32,9,43,56,43,33,21,33,33,33,45,24,12,42,9,5,57,58,55,image_101
102,31,9,31,51,14,18,49,18,10,30,53,32,6,44,53,44,32,19,31,29,31,39,22,9,41,10,5,54,54,53,image_102
103,33,5,31,51,11,16,53,16,8,29,54,29,7,38,54,40,32,16,32,28,31,40,23,4,41,4,7,48,53,51,image_103
104,30,11,35,49,19,23,51,24,16,34,49,30,16,36,51,40,32,20,33,30,34,40,25,13,44,13,14,55,53,48,image_104
105,33,8,32,49,13,18,52,18,10,28,54,29,6,42,56,40,33,18,33,28,33,38,25,9,43,7,4,53,59,52,image_105
106,32,12,32,52,12,20,51,20,9,30,54,30,6,40,56,39,32,20,32,31,32,39,24,12,42,11,5,49,57,51,image_106
107,31,4,33,57,11,18,53,16,9,32,56,30,7,46,58,45,33,20,33,31,33,45,25,6,42,4,6,59,60,58,image_107
108,33,6,32,50,13,18,49,18,11,30,51,29,9,41,53,39,31,19,31,30,31,39,23,3,41,9,8,52,53,51,image_108
109,33,11,32,54,12,22,50,20,11,31,52,31,9,43,53,43,32,22,32,30,32,41,22,10,41,11,9,51,53,53,image_109
110,28,12,30,63,10,26,49,26,9,36,52,37,9,48,54,50,29,26,29,36,30,49,19,12,36,8,8,62,51,46,image_110
111,35,8,34,51,15,21,53,20,12,30,55,34,11,40,56,42,35,18,35,29,34,40,27,6,45,8,10,52,56,53,image_111
112,37,9,37,45,18,17,56,18,16,26,58,27,14,35,59,35,37,17,37,24,37,35,26,10,47,10,14,47,60,44,image_112
113,33,7,34,52,12,21,55,17,10,32,58,29,9,41,55,43,34,17,33,27,34,40,24,8,42,7,8,50,54,53,image_113
114,31,7,33,49,15,17,48,14,12,29,54,32,11,36,54,42,32,16,33,29,33,40,22,7,40,7,9,48,54,54,image_114
115,31,5,32,47,11,14,51,14,8,24,54,25,8,37,56,35,31,14,31,24,32,36,21,5,40,4,5,47,59,49,image_115
116,32,7,33,56,14,21,52,18,10,31,55,32,8,45,58,44,32,21,32,32,32,45,25,8,41,8,6,62,60,55,image_116
117,34,10,32,56,11,23,52,26,9,32,55,34,9,44,55,46,33,22,33,34,33,45,24,11,41,6,7,55,55,57,image_117
118,31,8,32,52,14,18,50,18,9,26,52,27,11,38,52,37,32,18,31,27,32,39,22,8,41,8,10,52,53,49,image_118
119,33,9,32,56,16,20,50,23,12,32,53,32,9,47,54,44,32,22,32,32,31,45,23,6,41,14,10,55,55,56,image_119
120,37,17,39,50,20,26,57,26,18,35,59,34,17,45,60,40,37,25,37,30,37,41,27,11,49,17,15,49,62,63,image_120
121,33,13,31,55,14,25,49,24,10,35,52,35,8,46,53,42,33,24,32,36,30,46,23,14,42,16,8,57,55,63,image_121
122,32,14,34,53,14,26,49,21,12,33,52,30,10,45,59,50,32,22,32,30,34,43,22,15,43,14,12,56,60,57,image_122
123,33,13,28,61,15,21,51,25,10,33,53,35,7,46,53,47,33,24,33,33,30,46,24,11,43,15,6,62,54,60,image_123
124,34,11,33,53,14,24,51,23,13,31,53,34,10,42,54,44,34,22,34,33,34,43,23,11,43,12,9,58,54,54,image_124
125,32,8,32,63,12,23,50,20,10,31,54,30,8,44,56,42,33,19,33,30,33,42,24,7,41,10,11,50,58,53,image_125
126,34,10,33,47,13,23,51,23,9,35,53,31,7,48,56,49,34,22,34,30,34,41,23,9,42,10,5,61,56,50,image_126
127,31,16,32,55,15,21,51,26,12,32,54,34,10,45,56,45,32,25,32,34,31,45,21,17,43,14,10,56,57,55,image_127
128,32,11,33,52,14,22,50,23,10,33,54,36,8,46,55,48,32,23,31,32,32,40,23,11,41,13,8,55,54,58,image_128
129,30,10,29,38,10,22,46,14,7,35,54,30,5,48,54,40,30,20,29,30,31,43,19,8,38,5,8,42,55,41,image_129
130,35,6,30,56,12,19,50,21,7,32,55,32,4,46,56,50,33,19,32,31,31,45,23,12,42,6,2,62,58,60,image_130
131,31,12,29,61,14,24,50,27,10,33,52,35,7,46,53,48,31,24,31,34,31,47,22,13,40,15,6,61,53,62,image_131
132,34,16,34,54,16,24,50,22,15,32,54,37,13,47,57,50,35,22,33,31,37,49,26,12,40,12,16,51,58,58,image_132
133,28,13,34,57,16,26,51,26,10,36,54,37,11,48,56,46,28,23,30,36,30,47,20,15,39,13,6,58,58,63,image_133
134,30,16,33,51,17,25,54,25,15,33,56,36,13,43,58,44,30,25,33,36,33,44,22,16,45,13,12,51,60,53,image_134
135,33,17,39,58,13,26,48,27,12,36,51,37,10,48,52,49,33,26,32,35,32,47,24,17,40,17,10,62,50,61,image_135
136,33,9,38,48,19,16,56,15,18,24,62,30,16,33,61,46,34,18,37,27,37,35,19,14,42,8,14,44,55,61,image_136
137,34,8,33,50,14,18,53,19,9,27,55,31,7,41,56,44,33,19,33,29,32,42,24,8,42,7,6,50,53,50,image_137
138,39,1,39,40,17,11,50,10,17,20,53,28,16,30,55,30,27,14,28,24,38,30,20,7,39,10,14,36,50,41,image_138
139,33,13,35,54,13,24,47,24,11,32,50,35,10,40,49,49,33,24,33,34,34,43,22,15,38,16,10,49,61,54,image_139
140,27,17,29,54,5,25,42,27,3,36,44,37,4,48,44,49,28,26,27,36,27,47,22,16,33,17,2,53,55,55,image_140
141,29,7,27,46,10,15,48,17,7,25,49,26,5,34,49,33,29,17,29,25,30,36,20,6,39,8,1,46,50,46,image_141
142,32,10,32,54,14,19,49,22,11,29,51,31,10,38,54,41,32,19,32,30,32,40,24,9,41,11,8,54,55,54,image_142
143,30,14,33,51,14,24,51,23,15,30,53,34,13,40,53,42,31,23,33,33,33,42,22,15,43,14,12,56,54,51,image_143
144,27,4,31,41,21,13,46,11,18,23,50,23,18,29,55,34,39,13,28,23,27,33,29,1,36,3,6,39,45,41,image_144
145,37,16,37,54,20,24,57,25,17,35,59,34,16,43,57,43,37,25,37,33,37,43,27,16,47,15,12,52,58,53,image_145
146,35,12,36,48,18,20,54,21,18,28,57,30,17,37,59,39,36,21,36,30,37,38,25,11,44,11,17,51,60,52,image_146
147,39,9,39,49,21,21,59,19,19,29,63,31,18,38,63,41,39,20,39,31,39,41,29,9,46,10,15,49,63,49,image_147
148,30,17,34,63,13,26,47,27,9,36,49,37,8,48,50,50,31,26,32,36,33,49,20,17,39,17,1,62,55,63,image_148
149,27,3,30,43,11,13,46,12,10,25,48,22,8,33,49,32,28,13,28,23,29,33,20,2,37,3,8,47,50,43,image_149
150,33,6,31,48,14,17,51,20,12,26,52,25,10,35,53,35,33,17,33,28,31,35,22,9,42,9,7,46,57,49,image_150
151,27,8,27,50,9,15,44,19,6,28,46,27,6,38,47,38,27,16,27,28,27,39,18,8,35,6,3,52,47,50,image_151
152,36,10,38,48,22,22,51,18,19,29,55,28,18,37,56,36,36,19,37,29,38,39,29,9,41,8,17,47,56,46,image_152
153,37,8,38,59,17,21,53,21,15,27,53,30,15,40,55,48,34,20,36,28,36,38,27,5,43,6,15,57,55,59,image_153
154,26,9,27,47,8,21,45,19,6,28,47,27,4,37,49,36,26,18,27,28,27,37,17,10,34,9,3,48,48,44,image_154
155,34,11,35,50,17,22,51,22,15,32,54,30,12,44,57,39,34,22,34,32,34,40,25,11,42,11,11,56,58,49,image_155
156,36,6,34,63,14,24,53,18,14,27,55,27,13,48,54,50,36,19,36,28,33,49,24,4,46,9,12,62,55,61,image_156
157,23,11,32,52,11,20,41,21,9,29,44,31,8,39,45,44,23,20,26,30,27,42,16,11,32,11,7,48,53,51,image_157
158,38,3,26,63,4,12,39,14,1,22,41,24,1,34,61,50,23,14,24,26,26,33,29,3,32,17,10,62,59,60,image_158
159,39,4,39,63,16,11,59,15,16,22,53,37,16,48,57,50,36,12,36,22,37,49,29,1,48,6,15,62,56,63,image_159
160,27,1,28,50,8,12,48,12,4,26,50,23,2,38,53,37,28,14,28,25,27,35,28,4,37,10,3,51,54,51,image_160
161,35,9,36,54,17,23,52,20,14,32,55,30,14,46,57,43,34,20,35,32,36,43,26,10,43,10,12,58,58,54,image_161
162,35,16,33,61,16,26,53,22,10,34,57,29,10,48,56,50,35,26,35,36,34,48,25,16,42,16,7,58,54,61,image_162
163,28,17,32,62,9,26,48,26,8,36,50,37,7,48,53,50,29,26,30,36,31,48,17,17,37,17,6,62,55,63,image_163
164,33,11,38,55,19,22,55,20,17,33,53,29,15,40,60,38,34,21,35,31,37,43,26,12,44,12,14,52,60,63,image_164
165,37,11,37,55,18,19,56,19,16,31,59,30,16,43,62,42,37,22,37,32,37,43,29,8,45,9,14,59,63,51,image_165
166,37,14,36,57,18,25,53,23,14,33,55,37,12,43,55,48,36,23,36,36,35,48,26,15,43,13,11,62,60,63,image_166
167,23,15,26,63,4,26,39,26,1,36,41,37,1,48,43,50,23,26,24,36,25,48,15,16,32,16,1,62,45,63,image_167
168,27,10,31,63,8,21,51,25,6,33,54,36,4,45,54,44,28,21,29,35,29,46,18,15,39,15,4,59,57,54,image_168
169,30,10,34,62,13,22,51,20,10,34,52,24,8,48,56,35,31,23,33,32,32,38,21,17,43,17,7,61,58,61,image_169
170,32,8,35,54,14,20,56,19,7,28,53,30,11,40,54,42,31,20,32,30,32,43,23,9,43,9,4,54,56,58,image_170
171,29,12,31,62,11,24,51,21,9,32,53,32,7,43,57,47,30,23,32,31,33,41,21,13,40,13,3,62,63,63,image_171
172,33,10,32,56,13,19,52,18,9,29,56,33,8,40,53,46,32,19,32,30,32,43,24,9,40,8,7,54,54,55,image_172
173,31,7,33,57,14,21,49,20,11,31,51,32,11,45,54,42,32,19,32,31,32,41,23,8,42,12,10,55,57,54,image_173
174,39,15,38,58,22,24,56,25,19,31,58,37,13,48,59,50,39,26,39,36,38,49,29,16,47,15,10,59,60,59,image_174
175,37,8,38,50,20,18,57,16,17,26,59,28,16,39,60,39,37,17,37,28,37,36,27,9,50,9,15,49,61,50,image_175
176,24,8,26,58,5,20,44,17,3,29,46,25,1,43,48,43,24,19,25,32,26,43,17,7,33,8,1,52,51,54,image_176
177,38,12,39,53,20,22,55,18,18,35,61,34,17,40,62,46,38,23,39,33,39,46,28,14,49,14,16,52,63,59,image_177
178,29,12,28,47,6,26,45,21,5,33,47,32,4,43,43,50,23,22,29,36,26,49,15,17,36,13,7,46,46,63,image_178
179,35,15,39,51,18,24,54,22,16,35,58,29,15,43,58,44,36,24,37,33,38,41,27,15,44,14,14,53,59,53,image_179
180,37,4,36,56,14,21,58,24,9,33,60,36,14,45,62,45,39,24,37,34,36,47,28,14,47,5,14,56,62,62,image_180
181,24,9,29,63,4,26,40,27,3,36,46,37,2,46,43,50,25,20,26,30,26,49,15,17,34,10,1,62,45,63,image_181
182,27,15,26,57,6,26,45,25,5,34,47,35,4,44,47,50,27,25,27,36,26,43,17,16,36,15,1,57,48,62,image_182
183,24,13,29,50,8,22,43,21,7,36,45,33,4,46,52,43,25,26,26,34,28,42,17,16,35,13,1,57,54,56,image_183
184,29,17,30,63,12,26,48,27,8,36,49,37,7,48,51,50,31,26,30,36,29,49,21,17,39,17,5,62,52,61,image_184
185,34,12,37,48,18,22,52,20,15,32,54,29,15,39,55,37,35,21,36,30,36,39,27,13,42,12,14,50,57,46,image_185
186,39,7,39,44,22,17,59,17,19,26,62,26,18,35,63,34,39,17,39,25,39,34,29,8,48,6,17,49,62,43,image_186
187,29,17,29,53,13,24,48,26,10,35,51,37,8,43,53,49,28,24,29,34,29,44,20,15,38,17,7,53,53,61,image_187
188,33,13,36,55,17,26,51,26,14,36,56,34,13,46,59,45,34,23,35,35,36,45,25,16,44,16,12,57,59,54,image_188
189,38,11,38,47,22,13,56,24,19,27,58,33,18,36,57,33,37,20,37,25,37,33,29,6,48,11,17,45,59,45,image_189
190,37,10,38,52,20,20,55,24,15,34,58,32,14,45,58,43,37,19,37,30,37,41,28,10,47,12,13,52,58,53,image_190
191,31,17,35,59,17,23,52,27,15,34,50,35,14,47,55,47,32,26,33,36,33,49,23,17,36,17,14,60,55,58,image_191
192,31,14,30,60,12,23,47,25,10,33,50,35,9,44,51,48,31,24,32,34,30,46,22,15,40,15,8,53,52,60,image_192
193,29,12,31,55,10,26,47,26,8,35,52,33,8,46,54,49,28,23,30,36,30,46,19,15,37,12,5,60,57,60,image_193
194,27,1,26,41,7,22,45,12,5,30,46,33,4,44,46,46,27,12,28,29,28,30,18,1,36,4,3,39,49,44,image_194
195,32,9,31,50,11,23,49,23,8,34,51,33,7,43,53,44,32,19,32,30,31,41,24,9,41,10,6,51,52,60,image_195
196,27,1,26,50,8,13,43,14,6,21,46,24,7,29,48,37,28,13,28,23,25,36,19,2,35,3,9,42,50,51,image_196
197,30,9,28,52,14,17,47,20,10,24,49,31,7,47,50,41,31,19,30,26,29,36,24,9,39,10,5,61,53,52,image_197
198,28,14,32,62,12,25,50,21,10,34,52,30,9,44,52,49,29,25,30,32,31,41,20,15,36,14,5,62,51,61,image_198
199,39,14,39,52,22,23,60,21,19,31,62,32,18,41,63,42,39,21,39,30,39,39,29,14,50,13,17,51,63,53,image_199
