0,30,13,32,46,11,22,50,21,8,31,54,29,7,39,56,37,31,21,31,30,31,38,18,14,42,13,6,47,58,45,image_0
1,31,7,32,57,13,20,48,19,10,32,52,32,9,44,53,44,31,19,31,32,31,44,19,7,43,7,7,57,54,56,image_1
2,30,7,31,51,10,18,51,17,8,29,53,28,6,40,55,39,30,18,31,29,31,40,19,7,42,6,6,51,56,50,image_2
3,30,10,29,44,11,18,47,19,9,27,48,27,7,35,50,36,29,19,29,27,29,36,16,10,41,10,5,44,51,44,image_3
4,35,9,32,43,14,16,53,19,11,24,55,28,10,33,55,37,34,18,33,26,32,35,23,8,45,10,9,41,53,45,image_4
5,31,12,28,46,15,19,49,21,13,27,50,30,13,36,51,39,30,20,30,29,29,37,23,11,43,12,12,45,52,48,image_5
6,36,12,34,47,17,20,54,21,14,28,55,30,12,37,56,39,35,20,35,29,35,38,26,11,46,12,10,46,58,48,image_6
7,32,12,31,53,11,22,51,22,8,32,52,32,7,42,54,43,32,22,32,32,31,42,20,12,42,12,6,52,54,53,image_7
8,32,7,32,40,9,16,52,15,4,24,56,23,1,32,59,31,32,15,32,24,32,32,18,7,43,7,1,40,59,40,image_8
9,34,8,32,53,11,18,56,20,8,29,58,32,6,41,61,43,33,19,33,31,32,42,21,8,47,9,5,52,61,54,image_9
10,32,12,31,50,13,21,50,22,11,31,51,31,9,40,54,41,32,22,32,31,31,41,20,12,44,12,8,50,55,50,image_10
11,28,4,31,47,6,17,52,13,3,27,55,24,2,38,58,34,29,15,30,25,31,36,14,5,44,3,1,49,60,44,image_11
12,29,9,33,46,14,20,46,17,11,29,51,26,11,39,52,35,30,18,31,28,32,37,20,10,39,8,11,48,53,45,image_12
13,36,7,34,56,4,19,61,20,2,31,63,32,3,43,61,45,35,19,35,32,34,44,14,6,52,8,5,55,59,57,image_13
14,26,11,34,51,10,24,48,17,7,35,52,27,8,46,56,36,28,21,30,31,32,41,16,13,38,8,9,56,59,46,image_14
15,31,11,30,55,13,21,48,23,10,32,50,34,9,43,51,45,31,22,31,33,30,44,21,11,41,12,7,54,52,56,image_15
16,32,9,30,47,15,17,49,19,12,27,52,29,11,36,52,38,32,18,31,28,31,37,21,8,44,10,9,45,53,48,image_16
17,32,6,32,51,14,17,51,17,11,28,53,29,9,39,56,40,32,17,32,28,32,40,21,5,45,6,6,51,57,52,image_17
18,32,9,32,48,15,19,48,19,12,29,52,29,9,39,54,38,32,19,32,29,32,39,22,9,41,9,9,49,55,48,image_18
19,31,4,30,46,13,14,49,14,13,25,50,25,12,35,50,36,31,14,30,25,30,35,23,4,43,4,11,46,51,46,image_19
20,32,6,31,53,13,17,48,18,10,29,52,30,7,41,54,42,31,18,31,29,31,41,19,5,44,6,5,53,56,54,image_20
21,32,9,31,44,12,17,52,18,10,26,54,27,9,34,56,36,32,18,32,26,32,35,20,9,45,9,7,43,57,45,image_21
22,31,12,31,55,12,22,50,22,10,33,52,33,8,44,54,43,31,22,31,33,31,44,20,12,42,11,7,55,55,54,image_22
23,31,6,32,59,12,19,50,18,8,33,55,32,6,46,57,45,31,19,31,32,31,46,19,6,44,5,5,59,58,58,image_23
24,32,12,33,55,17,23,49,22,16,33,52,32,15,44,53,43,33,22,33,33,33,44,25,12,42,11,16,55,54,54,image_24
25,29,14,31,56,13,25,49,24,8,36,53,34,7,46,56,44,30,25,30,35,31,45,18,15,42,14,5,57,59,54,image_25
26,34,6,31,51,15,16,52,18,10,27,56,30,7,38,57,41,33,17,33,28,32,39,24,5,44,6,5,49,57,52,image_26
27,34,8,32,53,15,19,49,20,11,30,52,32,7,41,54,43,33,20,33,31,32,42,20,8,44,9,5,52,56,54,image_27
28,32,12,29,47,15,19,50,22,12,28,51,31,11,37,52,40,31,21,30,30,30,38,22,11,43,13,9,46,52,49,image_28
29,31,3,31,44,15,13,48,13,11,23,52,24,9,33,54,34,31,13,31,24,31,34,22,3,41,3,7,44,55,44,image_29
30,23,8,27,44,9,19,40,15,6,28,42,24,6,37,43,33,24,17,25,26,26,35,15,9,32,7,5,47,45,43,image_30
31,39,9,39,53,20,20,58,19,16,31,61,31,15,42,63,43,39,20,39,31,39,42,29,9,48,8,12,53,64,52,image_31
32,32,3,30,58,12,16,51,18,7,30,55,31,5,43,57,45,31,17,31,31,31,44,21,3,43,4,5,57,57,59,image_32
33,31,12,32,47,12,21,49,20,9,30,53,29,6,39,55,38,31,21,31,30,31,39,21,12,41,12,5,48,57,47,image_33
34,30,6,31,54,13,18,51,17,8,30,54,29,7,42,56,41,31,18,31,30,31,42,20,6,43,5,7,55,57,53,image_34
35,32,16,31,56,11,26,51,27,9,36,52,37,7,46,53,47,32,26,32,36,31,46,19,16,45,17,5,55,56,57,image_35
36,31,11,29,54,14,21,48,22,11,32,49,33,7,42,53,44,30,22,30,32,29,43,19,11,43,11,4,53,55,55,image_36
37,37,6,35,48,12,15,61,18,9,26,62,29,8,36,60,39,36,17,36,27,35,38,22,5,55,7,6,46,61,50,image_37
38,37,12,34,50,14,20,59,23,12,29,59,33,10,38,58,42,36,22,35,31,34,40,20,11,52,13,8,48,57,52,image_38
39,30,9,29,61,14,22,47,22,12,35,50,35,8,47,53,48,30,22,29,35,29,48,19,9,41,9,7,60,55,61,image_39
40,30,9,30,40,12,16,49,17,8,24,51,24,6,32,53,32,30,17,30,24,30,32,19,9,43,9,6,40,55,40,image_40
41,31,4,32,58,11,18,51,17,9,32,55,31,8,45,55,44,31,18,32,31,32,45,18,5,44,4,6,59,56,58,image_41
42,28,9,32,54,11,21,49,19,7,33,52,30,7,45,54,41,29,20,30,31,31,43,18,9,39,8,6,56,57,52,image_42
43,26,1,29,55,6,16,46,13,2,30,52,27,1,43,56,40,26,15,27,28,28,42,14,2,38,2,1,57,59,54,image_43
44,32,5,31,57,12,18,52,18,8,31,55,31,5,44,56,44,31,18,31,31,31,44,22,5,42,6,5,57,56,57,image_44
45,32,8,31,53,14,18,50,20,10,30,52,31,7,41,55,42,32,19,31,30,31,42,18,7,42,8,5,52,56,54,image_45
46,33,7,31,45,13,16,51,17,10,25,53,27,8,34,54,36,32,17,32,26,31,35,24,7,41,8,6,44,56,46,image_46
47,36,8,36,39,19,16,54,15,17,23,56,23,16,31,57,31,36,15,36,23,36,31,29,8,47,8,14,39,58,39,image_47
48,29,14,30,45,13,22,46,22,10,30,50,29,7,37,52,37,29,22,29,30,29,37,20,14,38,14,6,45,53,45,image_48
49,34,8,32,63,10,21,54,22,7,34,57,36,5,48,58,50,33,22,33,35,32,49,19,7,44,8,4,62,57,64,image_49
50,33,2,32,49,12,14,54,14,9,25,57,26,7,37,58,38,32,14,32,26,32,37,21,2,46,3,6,48,60,49,image_50
51,29,4,33,53,11,18,51,15,7,30,56,27,5,43,58,39,30,16,31,29,32,41,17,5,41,3,5,55,59,52,image_51
52,30,12,32,50,9,22,51,20,7,32,54,29,7,41,55,39,30,21,31,31,31,40,15,13,45,11,5,51,57,48,image_52
53,33,9,33,40,12,17,53,17,10,25,56,25,9,33,56,32,33,17,33,25,33,33,19,9,45,9,9,41,57,40,image_53
54,31,5,29,54,12,16,48,17,9,28,52,30,6,40,54,42,31,17,30,29,30,41,22,4,40,5,5,53,54,55,image_54
55,27,1,31,49,5,15,54,11,3,27,57,23,2,39,60,35,28,13,29,25,30,37,7,3,50,2,1,52,61,47,image_55
56,35,8,30,40,19,13,50,18,16,21,50,26,14,29,50,35,34,16,32,24,31,32,27,6,45,9,13,37,48,43,image_56
57,31,9,33,45,12,18,52,17,9,28,55,26,7,37,57,35,32,18,32,27,32,36,20,9,43,8,6,46,59,45,image_57
58,32,11,33,54,15,22,51,21,13,33,54,32,13,43,55,43,32,22,32,32,32,43,23,11,43,11,13,54,56,53,image_58
59,29,8,28,52,15,18,43,19,13,29,45,31,10,40,48,42,29,19,28,30,28,41,20,7,39,8,7,52,50,53,image_59
60,31,11,33,49,13,22,47,19,11,31,50,28,8,41,54,38,31,20,32,30,33,39,19,12,43,10,6,50,57,47,image_60
61,37,12,38,47,22,21,53,20,19,30,54,29,18,39,55,38,37,21,37,30,37,38,28,12,47,11,17,48,55,47,image_61
62,30,8,31,50,9,19,50,18,6,30,53,29,5,40,55,39,31,19,31,29,31,40,18,9,40,8,4,51,57,50,image_62
63,32,6,30,50,14,16,48,17,9,27,53,29,6,38,54,40,31,17,31,28,30,39,22,6,41,6,6,49,55,51,image_63
64,31,17,30,49,13,25,48,25,11,33,50,33,10,41,50,41,30,25,30,33,30,41,21,17,41,17,7,49,52,49,image_64
65,29,8,31,57,9,21,51,19,6,34,55,31,5,46,58,43,30,20,30,32,31,45,17,9,43,7,5,58,56,55,image_65
66,30,7,32,54,16,19,45,18,13,31,48,30,10,43,51,41,30,19,31,30,31,42,21,8,39,7,8,54,53,53,image_66
67,34,14,34,45,15,21,54,22,13,29,56,30,12,37,56,38,34,22,34,30,34,37,23,14,49,14,11,45,56,46,image_67
68,29,8,28,48,8,18,50,19,5,28,52,29,4,38,53,38,28,18,28,28,28,38,18,8,42,9,2,47,53,48,image_68
69,31,7,31,58,15,20,48,20,12,33,51,32,9,45,53,45,31,20,31,32,31,45,18,7,43,7,9,58,53,57,image_69
70,31,5,32,44,15,15,49,14,14,25,50,24,14,35,50,34,31,14,32,24,32,34,23,5,41,4,13,45,51,44,image_70
71,29,10,30,57,7,22,53,21,5,34,55,33,3,46,56,45,29,22,30,34,30,45,19,10,41,10,2,58,58,57,image_71
72,29,6,31,49,13,18,48,16,9,29,52,26,7,39,54,37,30,17,30,27,31,38,18,7,41,6,6,50,57,47,image_72
73,31,6,31,48,10,17,52,16,8,27,54,27,8,38,54,37,31,17,31,27,31,37,18,6,43,6,7,48,55,48,image_73
74,33,3,33,44,10,13,57,14,8,23,59,24,8,33,58,34,33,13,33,23,33,33,21,3,47,4,7,43,59,44,image_74
75,36,6,33,41,14,13,54,16,10,21,56,25,9,30,56,34,35,15,34,23,33,32,22,5,45,7,8,39,56,43,image_75
76,32,7,31,47,11,17,53,17,7,27,57,28,5,37,59,38,32,17,32,27,32,37,20,7,44,7,4,47,59,48,image_76
77,29,12,33,47,13,23,47,19,12,32,50,27,12,41,53,36,30,21,31,30,32,39,19,13,38,11,12,50,55,45,image_77
78,31,16,31,50,18,24,46,24,16,33,48,33,15,41,50,41,31,24,31,33,31,41,20,16,42,16,14,50,51,50,image_78
79,31,13,34,52,12,24,51,21,11,34,52,31,11,44,52,41,32,23,33,33,33,42,19,14,43,12,11,54,52,51,image_79
80,31,10,32,51,14,21,47,19,12,31,50,30,11,42,52,40,31,20,31,30,32,41,22,10,38,9,10,52,53,50,image_80
81,31,12,31,53,13,22,50,22,10,32,52,33,9,42,55,43,31,22,31,32,31,43,17,12,43,12,6,53,56,53,image_81
82,31,8,27,40,16,14,45,17,12,22,48,26,9,30,49,34,30,16,29,24,28,32,23,7,39,8,7,38,49,42,image_82
83,30,7,31,49,13,17,50,17,12,28,53,28,10,39,54,38,30,17,30,28,31,39,20,7,44,6,8,50,57,49,image_83
84,32,6,33,48,15,17,50,16,10,28,54,26,9,38,55,37,32,17,32,27,33,38,21,6,41,6,8,49,56,47,image_84
85,31,10,31,51,12,20,50,21,9,30,53,31,6,40,55,41,31,20,31,31,31,41,19,10,43,10,6,51,56,52,image_85
86,34,5,34,42,15,14,54,14,9,24,59,23,6,33,61,33,34,14,34,24,34,33,25,5,45,5,5,42,62,42,image_86
87,37,8,31,44,18,14,54,20,14,22,55,29,11,31,55,38,36,17,34,26,33,35,28,7,49,10,8,40,56,48,image_87
88,33,9,32,59,13,21,53,22,10,34,57,35,9,46,57,47,33,22,32,34,32,47,21,9,45,10,9,59,57,60,image_88
89,29,10,30,56,13,22,47,21,11,34,49,32,9,45,52,43,29,22,29,33,30,44,18,11,41,10,7,56,53,55,image_89
90,30,8,33,50,12,20,49,18,10,30,53,28,9,40,54,38,31,19,31,29,32,39,17,9,43,8,8,51,56,48,image_90
91,31,6,33,44,12,16,51,14,10,26,54,24,8,36,56,34,32,15,32,25,33,35,19,6,43,5,7,46,57,43,image_91
92,30,12,28,44,14,18,47,21,11,26,49,29,10,34,51,38,30,20,29,28,28,36,20,11,42,13,7,42,51,46,image_92
93,32,8,30,48,12,17,49,18,9,27,53,28,6,37,54,39,31,18,31,28,31,38,21,7,41,8,5,47,55,49,image_93
94,32,3,31,44,13,13,53,14,9,23,56,24,7,33,58,35,31,13,31,24,31,34,24,3,44,3,3,44,61,45,image_94
95,30,8,31,46,14,17,52,17,11,27,55,26,11,37,56,36,30,17,31,27,31,36,20,8,45,7,9,46,58,45,image_95
96,33,3,31,44,14,12,52,13,11,23,54,24,10,33,55,34,32,13,32,23,32,33,20,2,45,3,8,43,55,44,image_96
97,35,13,36,53,13,23,56,22,10,33,59,33,7,43,61,43,35,23,35,33,35,43,22,13,46,13,6,54,62,53,image_97
98,30,9,31,46,14,19,46,17,11,28,49,27,10,37,51,36,30,18,31,27,31,37,19,9,41,8,9,47,52,45,image_98
99,31,9,32,50,14,20,51,23,10,33,53,31,8,47,56,43,32,20,32,31,32,42,20,9,43,10,6,55,53,55,image_99
100,36,8,34,43,16,17,54,18,13,25,55,26,12,34,57,36,35,17,35,26,35,35,22,8,46,10,10,44,60,48,image_100
101,33,11,32,51,12,21,53,20,9,30,56,32,8,42,56,41,33,20,33,30,33,41,20,10,45,10,6,53,57,51,image_101
102,32,8,30,48,12,17,50,18,9,27,52,28,6,36,53,38,31,18,31,27,31,37,20,9,44,10,5,48,54,46,image_102
103,32,5,30,49,10,16,52,14,8,27,55,30,6,37,54,39,31,15,31,29,30,39,18,4,44,5,5,48,53,50,image_103
104,32,13,33,51,16,23,50,20,15,33,53,35,15,40,52,41,32,22,33,33,33,42,23,12,44,15,15,49,53,50,image_104
105,32,7,33,48,12,17,53,17,9,29,55,27,7,39,57,37,32,17,32,27,32,37,20,7,43,6,5,49,59,48,image_105
106,31,9,30,49,11,19,52,19,7,30,55,31,6,38,56,38,31,20,31,30,31,39,20,9,43,9,4,49,56,51,image_106
107,33,6,32,56,11,17,54,19,8,31,56,30,8,46,57,42,32,17,32,34,32,47,19,3,43,2,5,60,59,54,image_107
108,31,10,31,49,14,18,51,14,11,28,53,26,8,39,54,39,31,19,31,29,31,39,20,9,44,11,7,48,55,53,image_108
109,30,11,30,52,10,20,52,21,9,31,54,33,7,41,53,42,31,20,31,31,31,41,18,10,43,11,7,51,55,54,image_109
110,28,10,30,51,10,26,49,26,6,36,52,37,6,44,53,50,28,26,29,36,30,49,17,9,40,10,6,49,53,52,image_110
111,34,12,34,45,14,20,53,18,12,30,55,31,10,40,57,43,34,21,35,29,34,40,21,8,45,5,9,49,56,49,image_111
112,37,8,36,41,18,17,55,17,15,25,57,25,14,32,59,34,36,17,36,26,36,33,24,10,47,8,11,43,61,45,image_112
113,33,7,33,51,12,17,56,20,10,26,57,25,8,36,58,38,34,17,34,26,33,37,20,9,47,8,7,50,59,47,image_113
114,31,9,32,49,14,17,49,18,12,26,52,30,11,35,55,50,30,16,31,26,32,34,20,10,41,7,11,46,55,48,image_114
115,31,4,29,44,10,14,50,13,8,23,54,22,6,33,55,31,31,14,31,24,31,34,18,4,42,4,4,43,57,45,image_115
116,32,8,32,53,12,20,52,19,9,29,56,33,9,41,57,45,32,19,32,29,32,40,21,8,45,9,6,58,59,56,image_116
117,33,7,32,53,12,17,54,22,8,35,56,33,7,44,56,42,32,18,32,31,32,43,20,11,44,7,6,55,57,52,image_117
118,32,11,31,46,14,19,50,21,14,27,50,27,13,38,50,35,32,19,31,27,31,36,22,15,44,9,12,50,52,45,image_118
119,31,13,33,51,13,24,50,23,10,35,53,33,8,43,55,45,32,21,31,35,32,44,19,14,43,13,7,58,57,56,image_119
120,36,9,38,53,20,26,57,26,17,32,58,32,17,45,60,45,37,23,37,31,38,44,25,16,48,14,15,53,61,54,image_120
121,32,16,31,54,14,24,49,25,9,35,52,35,8,42,53,44,32,25,31,32,31,43,22,15,42,16,5,54,55,55,image_121
122,28,12,39,63,12,25,50,22,11,34,53,29,10,43,56,38,30,22,32,32,34,42,21,12,43,15,9,56,57,63,image_122
123,32,13,28,55,14,21,50,24,9,31,53,31,7,42,52,42,33,21,32,31,32,39,23,14,45,15,6,56,54,59,image_123
124,32,15,32,51,13,24,50,22,11,33,53,34,9,45,55,44,33,23,33,32,32,43,19,15,45,15,8,51,56,51,image_124
125,31,12,32,49,13,19,52,20,8,32,55,33,8,40,56,40,32,19,32,32,32,40,20,9,43,8,6,52,57,50,image_125
126,32,11,31,47,13,19,51,19,9,31,54,33,7,38,55,40,32,18,31,32,31,40,19,10,44,11,6,47,56,48,image_126
127,31,15,33,52,10,26,51,26,7,36,54,36,8,48,56,45,30,26,30,34,31,44,19,17,44,17,8,58,57,55,image_127
128,32,12,31,49,13,22,48,23,11,27,52,33,7,42,53,41,31,22,31,31,31,41,20,12,43,12,6,48,54,50,image_128
129,29,11,31,43,9,22,50,17,6,33,53,26,7,40,55,34,30,20,31,27,31,39,15,12,40,8,4,55,61,45,image_129
130,33,8,32,48,9,18,51,16,6,30,54,29,4,40,56,41,33,18,31,29,31,42,19,7,44,9,1,62,55,54,image_130
131,31,13,28,57,13,21,46,26,10,30,49,31,7,42,51,44,31,22,31,31,30,41,18,15,42,15,6,56,53,61,image_131
132,31,15,34,52,15,26,48,21,13,36,53,37,12,46,56,44,31,23,32,33,34,40,21,17,43,17,13,51,56,64,image_132
133,28,17,30,56,10,26,51,24,6,36,54,33,4,47,55,44,28,24,28,35,28,46,15,17,44,16,3,57,57,52,image_133
134,31,16,32,52,18,22,51,25,15,33,55,32,14,40,57,42,35,25,32,33,32,42,21,15,43,17,12,51,44,64,image_134
135,29,17,32,56,15,26,47,27,12,36,51,37,10,46,49,50,29,26,30,36,31,49,17,17,41,17,10,56,50,60,image_135
136,37,14,37,56,19,23,57,18,15,30,60,32,15,45,62,47,37,23,37,33,37,46,29,5,53,7,13,58,55,61,image_136
137,33,9,31,48,11,17,51,16,8,29,55,32,6,41,54,40,32,18,31,28,31,37,19,7,44,8,5,48,54,50,image_137
138,34,3,32,38,15,21,46,10,16,20,48,30,12,28,53,42,35,13,29,31,30,30,26,1,53,2,13,36,56,38,image_138
139,33,15,34,51,12,24,48,24,10,35,55,29,9,40,59,45,33,26,34,29,34,40,21,16,44,16,8,49,58,51,image_139
140,28,17,28,54,7,26,41,27,3,36,44,37,3,47,43,49,26,26,26,36,26,45,19,17,36,17,2,50,55,55,image_140
141,29,8,27,42,10,14,47,17,7,21,49,25,4,31,49,34,28,16,28,24,27,33,16,8,42,8,1,43,49,45,image_141
142,32,10,31,48,14,19,49,20,11,28,51,30,10,37,54,40,32,20,32,28,32,40,21,9,43,12,9,51,55,50,image_142
143,30,14,31,50,14,24,51,25,13,34,53,34,12,42,54,48,31,23,32,32,31,40,19,16,43,15,11,52,55,49,image_143
144,28,3,28,38,12,13,39,10,13,20,43,24,14,29,44,34,23,12,25,24,25,33,19,1,44,2,5,36,46,44,image_144
145,37,15,36,50,20,23,56,25,16,31,59,35,13,44,60,42,37,24,37,32,37,40,26,16,52,16,11,51,61,51,image_145
146,34,13,35,44,20,19,50,20,18,28,58,30,18,41,59,38,34,21,35,30,35,37,24,11,44,11,17,49,60,47,image_146
147,38,11,39,52,19,20,58,19,17,29,63,32,17,38,64,42,38,21,39,30,39,39,26,10,51,11,14,49,63,52,image_147
148,32,17,26,58,3,25,47,27,2,36,49,37,3,48,55,50,32,26,32,36,25,49,20,16,42,17,1,62,53,58,image_148
149,27,5,27,46,11,15,44,12,10,24,47,22,9,33,50,35,28,14,27,22,28,31,19,5,39,7,8,42,49,40,image_149
150,33,9,30,42,14,16,50,19,11,23,52,28,9,34,53,37,32,18,31,27,30,35,24,7,43,10,7,41,54,47,image_150
151,25,8,27,45,8,18,44,14,5,28,47,28,4,37,48,38,26,18,26,28,27,36,14,8,37,4,3,46,48,45,image_151
152,36,15,37,62,22,26,55,27,19,36,57,37,18,47,55,41,36,25,36,35,37,49,26,15,47,16,13,62,47,55,image_152
153,37,6,35,60,21,23,54,19,19,28,56,30,17,46,55,48,37,20,36,30,36,40,27,5,44,9,11,57,55,60,image_153
154,25,9,26,45,8,17,44,18,5,26,45,25,3,36,49,36,25,17,25,26,26,36,14,10,37,10,2,44,51,46,image_154
155,32,12,34,48,15,21,51,22,13,31,55,31,12,42,57,40,32,21,33,30,34,39,21,13,45,13,12,52,55,48,image_155
156,36,7,33,61,17,25,52,20,15,30,54,35,13,48,54,50,37,12,33,34,32,49,29,1,55,2,11,60,56,60,image_156
157,31,11,27,51,13,20,46,21,12,26,51,30,11,34,53,40,30,20,29,30,28,42,21,11,39,11,10,42,52,51,image_157
158,39,1,26,63,4,26,39,13,2,36,41,24,11,48,42,50,38,16,38,25,39,32,29,4,31,17,10,61,44,64,image_158
159,39,3,35,63,22,22,40,11,19,30,58,31,17,48,57,50,39,13,38,30,36,49,8,5,31,2,16,62,44,64,image_159
160,26,4,26,47,7,15,45,11,3,26,51,26,1,36,51,37,26,14,26,23,26,36,11,5,36,2,2,48,64,60,image_160
161,33,12,36,54,15,23,51,20,15,35,55,33,15,43,56,43,34,21,35,33,36,44,23,13,46,13,15,52,58,58,image_161
162,35,9,34,60,16,25,58,17,10,27,49,36,9,35,56,50,34,18,34,31,33,45,13,8,52,8,7,55,55,64,image_162
163,28,17,27,53,9,23,46,27,7,36,49,34,6,48,54,50,29,26,30,36,31,48,15,17,37,17,6,61,52,53,image_163
164,33,13,37,53,19,22,51,19,17,31,52,28,16,40,59,41,34,21,35,31,36,40,23,13,44,12,16,52,58,46,image_164
165,34,11,38,52,16,22,56,18,14,33,57,30,14,43,58,42,35,20,36,30,37,44,23,12,47,9,13,54,59,42,image_165
166,36,14,35,54,16,23,52,23,14,31,54,32,12,40,55,42,36,23,35,31,34,40,23,12,47,15,12,62,55,49,image_166
167,22,16,26,56,3,26,40,27,1,36,41,37,1,47,42,50,23,26,24,36,25,48,7,17,31,17,1,62,44,57,image_167
168,28,9,31,48,7,21,47,19,5,33,51,28,4,42,55,38,27,20,28,28,30,39,14,10,39,8,3,56,56,43,image_168
169,30,11,32,44,12,19,50,17,10,28,53,26,8,38,55,34,31,18,32,27,32,35,19,11,43,7,7,50,54,59,image_169
170,33,8,33,46,10,18,50,13,7,28,50,27,5,41,57,39,33,19,33,28,33,38,16,8,50,11,4,49,55,45,image_170
171,29,11,32,62,11,22,49,21,9,31,51,34,8,43,64,50,29,21,28,31,29,40,19,12,41,11,5,59,62,64,image_171
172,33,10,31,54,10,17,54,23,7,27,57,35,7,37,56,42,33,20,32,31,31,42,19,8,48,12,6,47,59,57,image_172
173,31,8,32,53,13,21,50,22,10,28,52,28,8,42,55,41,31,22,31,32,31,41,20,8,41,8,6,51,57,54,image_173
174,39,15,38,51,22,24,56,26,18,31,58,37,13,41,59,50,39,25,38,33,37,42,12,17,50,15,16,55,48,57,image_174
175,37,9,37,48,20,17,57,19,17,26,58,27,16,37,60,37,37,18,37,28,37,37,27,9,52,8,15,50,61,47,image_175
176,24,10,26,51,4,19,44,19,2,30,48,32,1,40,50,41,24,20,24,31,25,39,13,9,36,8,1,49,48,50,image_176
177,37,12,38,57,20,20,56,19,18,36,62,36,17,41,64,48,38,24,38,35,39,47,26,10,50,10,16,62,62,54,image_177
178,24,12,26,63,3,23,43,22,4,31,41,36,2,40,42,50,23,23,24,32,25,41,6,16,31,17,1,62,44,64,image_178
179,35,14,37,60,17,23,55,20,15,33,59,31,14,43,57,44,35,24,36,33,36,49,25,14,49,13,11,53,58,54,image_179
180,39,4,39,48,14,19,55,15,11,31,58,32,9,40,59,46,39,14,37,36,37,43,22,7,50,5,9,43,62,58,image_180
181,26,8,27,63,7,20,40,27,4,36,49,28,1,48,51,50,25,26,26,36,27,49,8,17,37,3,2,62,55,64,image_181
182,26,13,26,51,7,24,44,26,4,33,47,36,6,47,48,49,26,25,25,34,26,43,16,14,40,17,3,62,47,52,image_182
183,24,13,27,63,6,25,41,27,3,35,49,31,5,46,47,50,24,25,27,34,27,42,16,14,38,15,5,56,49,63,image_183
184,29,17,27,63,11,26,51,27,7,36,52,37,4,44,50,49,31,26,28,36,27,49,23,17,41,16,4,58,51,59,image_184
185,34,12,35,50,17,21,52,20,16,31,53,31,15,41,54,40,34,21,35,30,35,40,24,12,44,11,15,49,59,47,image_185
186,39,8,39,44,22,19,56,16,19,27,59,26,18,35,62,34,39,17,39,27,39,34,29,9,51,8,17,42,64,43,image_186
187,27,14,26,55,9,26,50,26,5,36,50,34,4,47,51,45,27,23,28,34,27,45,16,16,39,16,2,56,52,56,image_187
188,32,16,34,54,15,26,52,24,13,36,53,35,13,48,53,44,33,25,34,35,34,45,22,17,44,14,14,55,54,54,image_188
189,35,7,36,44,20,18,55,18,17,25,56,22,16,35,58,34,35,14,36,23,37,32,24,10,48,9,15,42,59,44,image_189
190,39,10,37,50,20,19,54,19,17,28,59,30,14,36,58,40,38,19,36,30,37,38,28,10,50,12,13,49,58,51,image_190
191,32,17,32,59,17,23,52,26,14,33,54,37,14,44,55,46,31,23,31,33,32,48,21,17,44,17,15,62,56,57,image_191
192,30,14,29,50,16,24,48,25,13,34,49,35,11,45,51,48,31,24,31,33,30,44,20,15,42,15,9,55,52,58,image_192
193,27,14,29,53,10,25,47,24,8,35,50,33,8,44,51,43,28,24,29,33,29,44,17,15,40,14,10,54,50,53,image_193
194,30,3,27,40,7,18,44,17,5,30,47,30,4,39,47,41,28,12,28,28,27,30,20,4,38,2,4,36,49,42,image_194
195,33,11,30,46,17,19,50,22,9,26,51,30,9,35,52,38,32,20,31,28,31,37,20,13,43,11,8,51,52,48,image_195
196,27,4,27,44,10,12,44,14,4,23,46,24,3,34,47,35,27,13,27,23,28,34,16,2,38,4,2,44,49,46,image_196
197,31,8,29,48,16,15,48,17,11,24,48,25,9,38,50,35,30,16,29,24,29,36,21,10,40,6,7,47,51,45,image_197
198,30,16,33,61,11,25,47,26,9,34,54,37,9,44,58,50,29,26,30,36,28,46,18,16,42,15,6,59,54,61,image_198
199,39,13,39,50,22,22,60,23,19,30,63,33,18,40,64,43,39,21,39,31,39,41,29,13,52,14,17,51,62,53,image_199
